3GTU9DEL2LG109643,3GTU9DELLG,New 2020 GMC Sierra 1500 Crew Cab Standard Box 4-Wheel Drive SLT,https://www.dinsdaleauto.net/VehicleDetails/new-2020-GMC-Sierra_1500-Crew_Cab_Standard_Box_4_Wheel_Drive_SLT-Grand_Island-NE/3492061033
3GTU9DELXLG111429,3GTU9DELLG,New 2020 GMC Sierra 1500 Crew Cab Short Box 4-Wheel Drive SLT,https://www.dinsdaleauto.net/VehicleDetails/new-2020-GMC-Sierra_1500-Crew_Cab_Short_Box_4_Wheel_Drive_SLT-Grand_Island-NE/3492824543
3GTU9CEDXLG112633,3GTU9CEDLG,New 2020 GMC Sierra 1500 Crew Cab Short Box 4-Wheel Drive Elevation,https://www.determotorcompany.com/VehicleDetails/new-2020-GMC-Sierra_1500-Crew_Cab_Short_Box_4_Wheel_Drive_Elevation-Atlantic-IA/3493164883
3GTP9EED0LG108857,3GTP9EEDLG,New 2020 GMC Sierra 1500 Crew Cab Short Box 4-Wheel Drive AT4,https://www.determotorcompany.com/VehicleDetails/new-2020-GMC-Sierra_1500-Crew_Cab_Short_Box_4_Wheel_Drive_AT4-Atlantic-IA/3492094263
7JR102FK2LG038125,7JR102FKLG,New 2020 VolvoS60 T5 Momentum Sedan,https://www.crestvolvocars.com/new/Volvo/2020-Volvo-S60-plano-tx-be2302020a0e0adf1c4ee09cbe11d094.htm
7JR102FK3LG038425,7JR102FKLG,New 2020 VolvoS60 T5 Momentum Sedan,https://www.crestvolvocars.com/new/Volvo/2020-Volvo-S60-plano-tx-be2304f40a0e0adf1c4ee09c0825371d.htm
5FNYF5H17LB002863,5FNYF5H1LB,New 2020 Cadillac Escalade ESV RWD Premium Luxury,https://www.crestcadillactx.com/VehicleDetails/new-2020-Cadillac-Escalade_ESV-RWD_Premium_Luxury-Frisco-TX/3493039003
5FNYF6H73LB004815,5FNYF6H7LB,New 2020 Porsche Cayenne S Coupe,https://www.carlsenporsche.com/inventory/new-2020-porsche-cayenne-s-coupe-coupe-wp1bb2ay4lda57350
1GYS3JKJ0LR147683,1GYS3JKJLR,New 2020 Porsche Cayenne S Coupe,https://www.carlsenporsche.com/inventory/new-2020-porsche-cayenne-s-coupe-coupe-wp1bb2ayxlda57398
WP1BB2AY4LDA57350,WP1BB2AYLD,New 2020 Cadillac XT5 Sport AWD,https://www.capitalcadillac.com/VehicleDetails/new-2020-Cadillac-XT5-Sport_AWD-Smyrna-GA/3494035473
WP1BB2AYXLDA57398,WP1BB2AYLD,New 2020 Cadillac XT5 Sport AWD,https://www.capitalcadillac.com/VehicleDetails/new-2020-Cadillac-XT5-Sport_AWD-Smyrna-GA/3490640993
1GYKNGRS8LZ111199,1GYKNGRSLZ,New 2020 GMC Yukon 2WD 4dr SLT Standard Edition,https://www.capitalbpg.com/VehicleDetails/new-2020-GMC-Yukon-2WD_4dr_SLT_Standard_Edition-Smyrna-GA/3492823853
1GYKNGRS3LZ105505,1GYKNGRSLZ,New 2020 GMC Yukon 2WD 4dr SLT Standard Edition,https://www.capitalbpg.com/VehicleDetails/new-2020-GMC-Yukon-2WD_4dr_SLT_Standard_Edition-Smyrna-GA/3492823883
1GKS1DKC5LR153997,1GKS1DKCLR,New 2020 GMC Sierra 1500 Crew Cab Short Box 4-Wheel Drive SLT,https://www.capitalbpg.com/VehicleDetails/new-2020-GMC-Sierra_1500-Crew_Cab_Short_Box_4_Wheel_Drive_SLT-Smyrna-GA/3493559243
1GKS1DKC6LR154060,1GKS1DKCLR,New 2020 GMC Sierra 1500 Crew Cab Short Box 4-Wheel Drive SLT,https://www.capitalbpg.com/VehicleDetails/new-2020-GMC-Sierra_1500-Crew_Cab_Short_Box_4_Wheel_Drive_SLT-Smyrna-GA/3492048813
3GTU9DEL3LG113233,3GTU9DELLG,New 2020 GMC Sierra 1500 Crew Cab Short Box 4-Wheel Drive SLT,https://www.capitalbpg.com/VehicleDetails/new-2020-GMC-Sierra_1500-Crew_Cab_Short_Box_4_Wheel_Drive_SLT-Smyrna-GA/3492048753
3GTU9DEL3LG108761,3GTU9DELLG,2019 Volkswagen Arteon 2.0T SEL R-Line w/20" Wheels 4MOTION Sedan,https://www.camelbackvw.com/new/Volkswagen/2019-Volkswagen-Arteon-91fce8a70a0e0adf621d1cbd4626adce.htm
1GTU9DED9LZ115500,1GTU9DEDLZ,2019 Volkswagen Arteon 2.0T SE R-Line w/20" Wheels Sedan,https://www.camelbackvw.com/new/Volkswagen/2019-Volkswagen-Arteon-91fce8250a0e0adf621d1cbde620e213.htm
WVWSR7AN4KE026463,WVWSR7ANKE,2020 Kia Optima,https://www.camelbackkia.com/new/Kia/2020-Kia-Optima-bbef2e290a0e0ae76f66418da880ff9e.htm
WVWGR7AN6KE029001,WVWGR7ANKE,2020 Kia Optima,https://www.camelbackkia.com/new/Kia/2020-Kia-Optima-bbef2dd90a0e0ae76f66418d64e82d09.htm
5XXGT4L35LG397825,5XXGT4L3LG,New 2020 GMC Acadia FWD SLE,https://www.buickgmcofbeachwood.com/VehicleDetails/new-2020-GMC-Acadia-FWD_SLE-Beachwood-OH/3494338153
5XXGT4L3XLG395875,5XXGT4L3LG,New 2020 GMC Acadia AWD SLE,https://www.buickgmcofbeachwood.com/VehicleDetails/new-2020-GMC-Acadia-AWD_SLE-Beachwood-OH/3494338203
1GKKNKLA5LZ110685,1GKKNKLALZ,New 2020 GMC Acadia AWD SLE,https://www.buickgmcofbeachwood.com/VehicleDetails/new-2020-GMC-Acadia-AWD_SLE-Beachwood-OH/3494338313
1GKKNRLS4LZ111814,1GKKNRLSLZ,New 2020 Chevrolet Trax FWD LT,http://www.brodheadgm.com/VehicleDetails/new-2020-Chevrolet-Trax-FWD_LT-Brodhead-WI/3494353503
1GKKNRLS0LZ111387,1GKKNRLSLZ,New 2020 Chevrolet Express Cargo Van 2500 Extended Wheelbase Rear-Wheel Drive,https://www.broadwaychev.com/VehicleDetails/new-2020-Chevrolet-Express_Cargo_Van-2500_Extended_Wheelbase_Rear_Wheel_Drive-Green_Bay-WI/3493570053
KL7CJLSB7LB009021,KL7CJLSBLB,2020 Subaru Outback,https://www.bobwadesubaru.com/new/Subaru/2020-Subaru-Outback-harrisonburg-va-bda4418a0a0e0ae9196a13ae83abd76f.htm
1GCWGBFG4L1116516,1GCWGBFGL1,2020 Subaru Legacy,https://www.bobwadesubaru.com/new/Subaru/2020-Subaru-Legacy-harrisonburg-va-bda442670a0e0ae9196a13ae60d1f62d.htm
4S4BTACC0L3100948,4S4BTACCL3,2020 Subaru Outback,https://www.bobwadesubaru.com/new/Subaru/2020-Subaru-Outback-harrisonburg-va-bda442d10a0e0ae9196a13ae6edb841a.htm
4S3BWAN60L3002201,4S3BWAN6L3,2020 Subaru Outback,https://www.bobwadesubaru.com/new/Subaru/2020-Subaru-Outback-harrisonburg-va-bda441610a0e0ae9196a13ae8e8afab6.htm
4S4BTAPC0L3102421,4S4BTAPCL3,2020 Subaru Legacy,https://www.bobwadesubaru.com/new/Subaru/2020-Subaru-Legacy-harrisonburg-va-bda441440a0e0ae9196a13ae59241451.htm
4S4BTANC7L3103438,4S4BTANCL3,2020 Subaru Outback,https://www.bobwadeautoworld.com/new/Subaru/2020-Subaru-Outback-bda442230a0e0ae9196a13ae0c2332b8.htm
4S3BWAG60L3002681,4S3BWAG6L3,2020 Subaru Legacy,https://www.bobwadesubaru.com/new/Subaru/2020-Subaru-Legacy-harrisonburg-va-bda442b40a0e0ae9196a13ae105f966d.htm
4S4BTACC0L3100920,4S4BTACCL3,2020 Subaru Legacy,https://www.bobwadesubaru.com/new/Subaru/2020-Subaru-Legacy-harrisonburg-va-bda440ec0a0e0ae9196a13aee7a1bca5.htm
4S3BWAC60L3002265,4S3BWAC6L3,2020 Subaru Outback,https://www.bobwadesubaru.com/new/Subaru/2020-Subaru-Outback-harrisonburg-va-bda442910a0e0ae9196a13aea638fb32.htm
4S3BWAN60L3002179,4S3BWAN6L3,2020 Subaru Outback,https://www.bobwadesubaru.com/new/Subaru/2020-Subaru-Outback-harrisonburg-va-bda441da0a0e0ae9196a13aecdeacdf5.htm
4S4BTANC2L3101628,4S4BTANCL3,2020 BMW X5 sDrive40i SUV,https://www.bmwofnashville.com/new/BMW/2020-BMW-X5-nashville+TN-b9ce8c640a0d0c145fd4ab40a98554bf.htm
4S3BWAL60L3002315,4S3BWAL6L3,2020 BMW X5 sDrive40i SUV,https://www.bmwofnashville.com/new/BMW/2020-BMW-X5-nashville+TN-bf6b85e00a0d04fe4b2c25ee146110ad.htm
4S4BTAPC0L3101124,4S4BTAPCL3,2020 BMW 840i Coupe,https://www.bmwofnashville.com/new/BMW/2020-BMW-840i-nashville+TN-bf6b84900a0d0cc71f4d14eb3e517f50.htm
5UXCR4C05LLT18686,5UXCR4C0LL,2019 Audi A4 allroad 2.0T Prestige Wagon,http://www.audidallas.com/new/Audi/2019-Audi-A4+allroad-b920c76f0a0e0adf1c4ee09c2eaa29f0.htm
5UXCR4C02LLT18709,5UXCR4C0LL,2020 BMW X3 sDrive30i Sports Activity Vehicle,https://www.atlantabmw.com/new/BMW/2020-BMW-X3-atlanta+ga-bb4854dc0a0d0c140d950c5d3bb0c4d6.htm
WBAAE2C02LBP62040,WBAAE2C0LB,2020 BMW X7 xDrive50i SUV,https://www.atlantabmw.com/new/BMW/2020-BMW-X7-atlanta+ga-b05fad020a0d0c145fd4ab404bfed768.htm
WA19NAF47KA110981,WA19NAF4KA,New 2020 Chevrolet Silverado 1500 Crew Cab Short Box 4-Wheel Drive High Country,https://www.athenschevy.com/VehicleDetails/new-2020-Chevrolet-Silverado_1500-Crew_Cab_Short_Box_4_Wheel_Drive_High_Country-Athens-GA/3492843513
5UXTY3C07LLE55001,5UXTY3C0LL,New 2020 Cadillac XT4 AWD 4dr Sport,https://www.arrowheadcadillac.com/VehicleDetails/new-2020-Cadillac-XT4-AWD_4dr_Sport-Glendale-AZ/3493193923
5UXCX4C00LLS39335,5UXCX4C0LL,New 2020 Chevrolet Silverado 1500 Crew Cab Short Box 2-Wheel Drive LT,https://www.allamericanchevroletmidland.com/VehicleDetails/new-2020-Chevrolet-Silverado_1500-Crew_Cab_Short_Box_2_Wheel_Drive_LT-Midland-TX/3492788863
1GCUYHEL2LZ116263,1GCUYHELLZ,New 2020 Chevrolet Silverado 1500 Crew Cab Short Box 2-Wheel Drive LT,https://www.allamericanchevroletmidland.com/VehicleDetails/new-2020-Chevrolet-Silverado_1500-Crew_Cab_Short_Box_2_Wheel_Drive_LT-Midland-TX/3494300343
1GYFZFR48LF018962,1GYFZFR4LF,New 2020 Chevrolet Silverado 1500 Crew Cab Short Box 2-Wheel Drive LT,https://www.allamericanchevroletmidland.com/VehicleDetails/new-2020-Chevrolet-Silverado_1500-Crew_Cab_Short_Box_2_Wheel_Drive_LT-Midland-TX/3494300423
3GCPWCED5LG112786,3GCPWCEDLG,New 2020 Chevrolet Silverado 1500 Crew Cab Short Box 2-Wheel Drive LT,https://www.allamericanchevroletmidland.com/VehicleDetails/new-2020-Chevrolet-Silverado_1500-Crew_Cab_Short_Box_2_Wheel_Drive_LT-Midland-TX/3493533693
3GCPWCED1LG115233,3GCPWCEDLG,New 2020 Chevrolet Silverado 1500 Crew Cab Short Box 2-Wheel Drive LT,https://www.allamericanchevroletmidland.com/VehicleDetails/new-2020-Chevrolet-Silverado_1500-Crew_Cab_Short_Box_2_Wheel_Drive_LT-Midland-TX/3492788973
3GCPWCED2LG114639,3GCPWCEDLG,2020 Acura TLX V-6 SH-AWD with A-Spec Package and Red Interior,https://www.acuraofpeoria.com/new/Acura/2020-Acura-TLX-b23e3a2d0a0e0a6b6ef82fd52e9c9eb9.htm
3GCPWCED2LG113684,3GCPWCEDLG,New 2020 Chevrolet Colorado Extended Cab Long Box 2-Wheel Drive WT,https://www.chevroletphoenix.com/VehicleDetails/new-2020-Chevrolet-Colorado-Extended_Cab_Long_Box_2_Wheel_Drive_WT-Phoenix-AZ/3492815353
3GCPWCEDXLG112251,3GCPWCEDLG,2020 Toyota Tundra Platinum 5.7L V8 Truck CrewMax,https://www.toyotaofrichardson.com/new/Toyota/2020-Toyota-Tundra-b6803d610a0d04fe0af73d8a99e289bc.htm
19UUB3F6XLA000936,19UUB3F6LA,2020 Toyota Tundra Platinum 5.7L V8 Truck CrewMax,https://www.toyotaofrichardson.com/new/Toyota/2020-Toyota-Tundra-be72d32c0a0d04fe4b2c25eee1665417.htm
1GCHSBENXL1112817,1GCHSBENL1,2020 Toyota Tundra Limited 5.7L V8 Truck CrewMax,https://www.toyotaofrichardson.com/new/Toyota/2020-Toyota-Tundra-b42acd290a0d04fe0af73d8a625f9107.htm
5TFAY5F17LX872441,5TFAY5F1LX,2020 Toyota Tundra Platinum 5.7L V8 Truck CrewMax,https://www.toyotaofrichardson.com/new/Toyota/2020-Toyota-Tundra-b1125be30a0d04fe0af73d8a0e04ed01.htm
5TFAY5F13LX873828,5TFAY5F1LX,2020 Toyota Tundra Platinum 5.7L V8 Truck CrewMax,https://www.dallascars.com/new/Toyota/2020-Toyota-Tundra-abbe00010a0d0c145fd4ab405c217f3f.htm
5TFAY5F12LX873500,5TFAY5F1LX,2020 Toyota Tundra 1794 5.7L V8 Truck CrewMax,https://www.toyotaofrichardson.com/new/Toyota/2020-Toyota-Tundra-b952f0940a0d0c145fd4ab403a0515cd.htm
5TFAY5F12LX872542,5TFAY5F1LX,2020 Toyota Tundra Platinum 5.7L V8 Truck CrewMax 4-door,https://www.toyotaofrichardson.com/new/Toyota/2020-Toyota-Tundra-b670a5fe0a0d0cc72f5092d3a31e43a0.htm
5TFFY5F1XLX256576,5TFFY5F1LX,2020 Toyota Tundra Platinum 5.7L V8 Truck CrewMax,https://www.dallascars.com/new/Toyota/2020-Toyota-Tundra-b68022160a0d0c145fd4ab40eb828bee.htm
5TFAY5F11LX872144,5TFAY5F1LX,2020 Toyota Tundra Limited 5.7L V8 Truck CrewMax,https://www.dallascars.com/new/Toyota/2020-Toyota-Tundra-b505b6610a0d0cc72f5092d34bfa9205.htm
5TFAY5F16LX871684,5TFAY5F1LX,2020 Toyota Tundra 1794 5.7L V8 Truck CrewMax,https://www.dallascars.com/new/Toyota/2020-Toyota-Tundra-b112615f0a0d04fe0af73d8a78af3613.htm
5TFFY5F16LX256476,5TFFY5F1LX,2020 Toyota Tundra Limited 5.7L V8 Truck CrewMax,https://www.toyotaofrichardson.com/new/Toyota/2020-Toyota-Tundra-b1121b860a0d04fe0af73d8a51747ef1.htm
5TFGY5F16LX256255,5TFGY5F1LX,2020 Toyota Tundra SR5 Truck Double Cab 4-door,https://www.toyotaofrichardson.com/new/Toyota/2020-Toyota-Tundra-abb8d5c30a0d0c145fd4ab406962b56c.htm
5TFAY5F18LX870746,5TFAY5F1LX,New 2020 ToyotaTundra SR5 5.7L V8 Truck Double Cab,https://www.toyotaofgrapevine.com/new/Toyota/2020-Toyota-Tundra-bb3372330a0d04fe4b2c25ee0f45510d.htm
5TFGY5F18LX256676,5TFGY5F1LX,New 2020 NissanRogue SV SUV,https://www.peorianissan.com/new/Nissan/2020-Nissan-Rogue-bb18c8010a0e0a6b20cfff61946564b1.htm
5TFAY5F14LX871585,5TFAY5F1LX,2020 BMW X7,https://www.bmwoflincoln.com/new/BMW/2020-BMW-X7-b1106a820a0d0cc72f5092d393b85970.htm
5TFFY5F18LX256060,5TFFY5F1LX,2020 Subaru Outback,https://www.camelbacksubaru.com/new/Subaru/2020-Subaru-Outback-bda210be0a0e0ae76f66418d29185529.htm
5TFAY5F19LX874241,5TFAY5F1LX,2020 Subaru Outback,https://www.camelbacksubaru.com/new/Subaru/2020-Subaru-Outback-bda210660a0e0ae76f66418d225f1674.htm
5TFHY5F13LX871043,5TFHY5F1LX,2020 Subaru Outback,https://www.camelbacksubaru.com/new/Subaru/2020-Subaru-Outback-bda2108e0a0e0ae76f66418dadb0e2b5.htm
5TFUY5F15LX870992,5TFUY5F1LX,2020 Subaru Legacy,https://www.camelbacksubaru.com/new/Subaru/2020-Subaru-Legacy-bda211070a0e0ae76f66418d30ec396e.htm
5TFUY5F17LX872713,5TFUY5F1LX,2020 Subaru Outback,https://www.camelbacksubaru.com/new/Subaru/2020-Subaru-Outback-bda210e00a0e0ae76f66418d3bbb30bb.htm
KNMAT2MTXLP503221,KNMAT2MTLP,2020 Subaru Outback,https://www.bobwadesubaru.com/new/Subaru/2020-Subaru-Outback-harrisonburg-va-bda4418a0a0e0ae9196a13ae83abd76f.htm
5UXCX6C01LLE35296,5UXCX6C0LL,2020 Subaru Legacy,https://www.bobwadesubaru.com/new/Subaru/2020-Subaru-Legacy-harrisonburg-va-bda442670a0e0ae9196a13ae60d1f62d.htm
4S4BTAPC9L3101056,4S4BTAPCL3,2020 Subaru Outback,https://www.bobwadesubaru.com/new/Subaru/2020-Subaru-Outback-harrisonburg-va-bda442d10a0e0ae9196a13ae6edb841a.htm
4S4BTANC1L3103614,4S4BTANCL3,2020 Subaru Outback,https://www.bobwadesubaru.com/new/Subaru/2020-Subaru-Outback-harrisonburg-va-bda441610a0e0ae9196a13ae8e8afab6.htm
4S4BTACC7L3100509,4S4BTACCL3,2020 Subaru Legacy,https://www.bobwadesubaru.com/new/Subaru/2020-Subaru-Legacy-harrisonburg-va-bda441440a0e0ae9196a13ae59241451.htm
4S3BWAC68L3002580,4S3BWAC6L3,2020 Subaru Outback,https://www.bobwadeautoworld.com/new/Subaru/2020-Subaru-Outback-bda442230a0e0ae9196a13ae0c2332b8.htm
4S4BTAEC4L3101324,4S4BTAECL3,2020 Subaru Legacy,https://www.bobwadesubaru.com/new/Subaru/2020-Subaru-Legacy-harrisonburg-va-bda442b40a0e0ae9196a13ae105f966d.htm
4S4BTACC0L3100948,4S4BTACCL3,2020 Subaru Legacy,https://www.bobwadesubaru.com/new/Subaru/2020-Subaru-Legacy-harrisonburg-va-bda440ec0a0e0ae9196a13aee7a1bca5.htm
4S3BWAN60L3002201,4S3BWAN6L3,2020 Subaru Outback,https://www.bobwadesubaru.com/new/Subaru/2020-Subaru-Outback-harrisonburg-va-bda442910a0e0ae9196a13aea638fb32.htm
4S4BTAPC0L3102421,4S4BTAPCL3,2020 Subaru Outback,https://www.bobwadesubaru.com/new/Subaru/2020-Subaru-Outback-harrisonburg-va-bda441da0a0e0ae9196a13aecdeacdf5.htm
4S4BTANC7L3103438,4S4BTANCL3,New 2020 HondaCivic,https://www.bellhonda.com/new/Honda/2020-Honda-Civic-phoenix-bbf4142d0a0e0a1711f6822bf5f34f21.htm
