5N1AT2MT0LC709005,5N1AT2MTLC,https://www.trophynissan.com/new/Nissan/2020-Nissan-Rogue-2e1b61720a0e0a6b17e904239bb992c6.htm
1G1FB1RX1L0100521,1G1FB1RXL0,https://www.allamericanchevroletmidland.com/VehicleDetails/new-2020-Chevrolet-Camaro-2dr_Coupe_1LT-Midland-TX/3477366073
1G1FB1RX8L0100970,1G1FB1RXL0,https://www.allamericanchevroletmidland.com/VehicleDetails/new-2020-Chevrolet-Camaro-2dr_Coupe_1LT-Midland-TX/3477366133
WA1BECF30K1083661,WA1BECF3K1,http://www.audidallas.com/new/Audi/2019-Audi-Q3-23c832150a0e0a1736884580a49641d3.htm
WA1BECF31K1086682,WA1BECF3K1,http://www.audidallas.com/new/Audi/2019-Audi-Q3-23c830910a0e0a1736884580cb15e6ff.htm
WA1BECF35K1086345,WA1BECF3K1,http://www.audidallas.com/new/Audi/2019-Audi-Q3-23c8313d0a0e0a1736884580783ea7ea.htm
WA1BECF3XK1081240,WA1BECF3K1,http://www.audidallas.com/new/Audi/2019-Audi-Q3-23c8305b0a0e0a17368845802045cdf6.htm
WA1BECF33K1072024,WA1BECF3K1,http://www.audidallas.com/new/Audi/2019-Audi-Q3-23c831e50a0e0a17368845801582a85a.htm
WA1BECF33K1072802,WA1BECF3K1,http://www.audidallas.com/new/Audi/2019-Audi-Q3-2565c3b50a0e0adf7507821f669623bb.htm
WA1BECF35K1086331,WA1BECF3K1,http://www.audidallas.com/new/Audi/2019-Audi-Q3-23c830ff0a0e0a17368845803e4cc892.htm
1GCHSBEA0L1102102,1GCHSBEAL1,https://www.claycooleychevy.com/VehicleDetails/new-2020-Chevrolet-Colorado-Extended_Cab_Long_Box_2_Wheel_Drive_WT-Irving-TX/3474881063
1GCGSDEN1L1100482,1GCGSDENL1,https://www.claycooleychevydallas.com/VehicleDetails/new-2020-Chevrolet-Colorado-Crew_Cab_Short_Box_2_Wheel_Drive_Z71-Dallas-TX/3476160503
1G1FB1RS9L0101498,1G1FB1RSL0,https://www.drivesunrisechevy.com/VehicleDetails/new-2020-Chevrolet-Camaro-2dr_Coupe_1LT-Forest_Hills%2C_Queens-NY/3477364883
1G1FB1RS2L0100886,1G1FB1RSL0,https://www.drivesunrisechevy.com/VehicleDetails/new-2020-Chevrolet-Camaro-2dr_Coupe_1LT-Forest_Hills%2C_Queens-NY/3475823713
KL8CH6SA7LC401412,KL8CH6SALC,https://www.eaglechevyky.com/VehicleDetails/new-2020-Chevrolet-Spark-Hatch_ACTIV_%28Automatic%29-Morehead-KY/3477120823
KL8CH6SA6LC401000,KL8CH6SALC,https://www.eaglechevyky.com/VehicleDetails/new-2020-Chevrolet-Spark-Hatch_ACTIV_%28Automatic%29-Morehead-KY/3477120813
1GC4WPEY5LF118912,1GC4WPEYLF,https://www.giantautomotive.com/VehicleDetails/new-2020-Chevrolet-Silverado_2500HD-Crew_Cab_Standard_Box_2_Wheel_Drive_LTZ-Visalia-CA/3476328233
1GC4YUE72LF120312,1GC4YUE7LF,https://www.raychevrolet.net/VehicleDetails/new-2020-Chevrolet-Silverado_3500HD-Crew_Cab_Standard_Box_4_Wheel_Drive_LTZ-Fox_Lake-IL/3477341283
1GC4YUE71LF120303,1GC4YUE7LF,https://www.raychevrolet.net/VehicleDetails/new-2020-Chevrolet-Silverado_3500HD-Crew_Cab_Standard_Box_4_Wheel_Drive_LTZ-Fox_Lake-IL/3477341503
1GC4YUE72LF120312,1GC4YUE7LF,https://www.raychevrolet.net/VehicleDetails/new-2020-Chevrolet-Silverado_3500HD-Crew_Cab_Standard_Box_4_Wheel_Drive_LTZ-Fox_Lake-IL/3477341283
1GC4YUE71LF120303,1GC4YUE7LF,https://www.raychevrolet.net/VehicleDetails/new-2020-Chevrolet-Silverado_3500HD-Crew_Cab_Standard_Box_4_Wheel_Drive_LTZ-Fox_Lake-IL/3477341503
JM1NDAA70K0400218,JM1NDAA7K0,https://www.joemyersmazda.com/new/Mazda/2019-Mazda-Mazda+MX-5+Miata-20b2b0470a0e0ae83c9883f343d8c3c8.htm
1GCGTBENXL1102958,1GCGTBENL1,https://www.allamericanchevroletodessa.com/VehicleDetails/new-2020-Chevrolet-Colorado-Crew_Cab_Short_Box_4_Wheel_Drive_WT-Odessa-TX/3474997193
1GCGTBEN7L1103047,1GCGTBENL1,https://www.allamericanchevroletodessa.com/VehicleDetails/new-2020-Chevrolet-Colorado-Crew_Cab_Short_Box_4_Wheel_Drive_WT-Odessa-TX/3474997433
1GCGTBEN4L1105239,1GCGTBENL1,https://www.allamericanchevroletodessa.com/VehicleDetails/new-2020-Chevrolet-Colorado-Crew_Cab_Short_Box_4_Wheel_Drive_WT-Odessa-TX/3475809203
1GCGTBEN4L1105063,1GCGTBENL1,https://www.allamericanchevroletodessa.com/VehicleDetails/new-2020-Chevrolet-Colorado-Crew_Cab_Short_Box_4_Wheel_Drive_WT-Odessa-TX/3476583573
1GCGTBEN0L1103438,1GCGTBENL1,https://www.killeenchevrolet.com/VehicleDetails/new-2020-Chevrolet-Colorado-Crew_Cab_Short_Box_4_Wheel_Drive_WT-Odessa-TX/3474997463
1GCGTBEN5L1104388,1GCGTBENL1,https://www.allamericanchevroletodessa.com/VehicleDetails/new-2020-Chevrolet-Colorado-Crew_Cab_Short_Box_4_Wheel_Drive_WT-Odessa-TX/3475809003
1GCGTBEN5L1104648,1GCGTBENL1,https://www.killeenchevrolet.com/VehicleDetails/new-2020-Chevrolet-Colorado-Crew_Cab_Short_Box_4_Wheel_Drive_WT-Odessa-TX/3475433413
1GCGTBEN5L1104391,1GCGTBENL1,https://www.allamericanchevroletodessa.com/VehicleDetails/new-2020-Chevrolet-Colorado-Crew_Cab_Short_Box_4_Wheel_Drive_WT-Odessa-TX/3475809433
1GCGTBENXL1102958,1GCGTBENL1,https://www.allamericanchevroletodessa.com/VehicleDetails/new-2020-Chevrolet-Colorado-Crew_Cab_Short_Box_4_Wheel_Drive_WT-Odessa-TX/3474997193
1GCGTBEN7L1103047,1GCGTBENL1,https://www.allamericanchevroletodessa.com/VehicleDetails/new-2020-Chevrolet-Colorado-Crew_Cab_Short_Box_4_Wheel_Drive_WT-Odessa-TX/3474997433
1GCGTBEN4L1105239,1GCGTBENL1,https://www.allamericanchevroletodessa.com/VehicleDetails/new-2020-Chevrolet-Colorado-Crew_Cab_Short_Box_4_Wheel_Drive_WT-Odessa-TX/3475809203
1GCGTBEN4L1105063,1GCGTBENL1,https://www.allamericanchevroletodessa.com/VehicleDetails/new-2020-Chevrolet-Colorado-Crew_Cab_Short_Box_4_Wheel_Drive_WT-Odessa-TX/3476583573
1GCGTBEN0L1103438,1GCGTBENL1,https://www.killeenchevrolet.com/VehicleDetails/new-2020-Chevrolet-Colorado-Crew_Cab_Short_Box_4_Wheel_Drive_WT-Odessa-TX/3474997463
1GCGTBEN5L1104388,1GCGTBENL1,https://www.allamericanchevroletodessa.com/VehicleDetails/new-2020-Chevrolet-Colorado-Crew_Cab_Short_Box_4_Wheel_Drive_WT-Odessa-TX/3475809003
1GCGTBEN5L1104648,1GCGTBENL1,https://www.killeenchevrolet.com/VehicleDetails/new-2020-Chevrolet-Colorado-Crew_Cab_Short_Box_4_Wheel_Drive_WT-Odessa-TX/3475433413
1GCGTBEN5L1104391,1GCGTBENL1,https://www.allamericanchevroletodessa.com/VehicleDetails/new-2020-Chevrolet-Colorado-Crew_Cab_Short_Box_4_Wheel_Drive_WT-Odessa-TX/3475809433
WVWCR7AN7KE030334,WVWCR7ANKE,https://www.davidmausvwsouth.com/new/Volkswagen/2019-Volkswagen-Arteon-2c01eac90a0e0a6b17e90423a30bf86e.htm
WVWCR7AN7KE030334,WVWCR7ANKE,https://www.davidmausvwsouth.com/new/Volkswagen/2019-Volkswagen-Arteon-2c01eac90a0e0a6b17e90423a30bf86e.htm
WVWCR7AN7KE030334,WVWCR7ANKE,https://www.davidmausvwsouth.com/new/Volkswagen/2019-Volkswagen-Arteon-2c01eac90a0e0a6b17e90423a30bf86e.htm
KM8R3DHE7LU040753,KM8R3DHELU,https://www.hatfieldhyundai.net/new/Hyundai/2020-Hyundai-Palisade-Columbus-Ohio-2ae6bc9c0a0e0adf7507821fb56afa99.htm
5NMS53AD4LH145060,5NMS53ADLH,https://www.hatfieldhyundai.net/new/Hyundai/2020-Hyundai-Santa+Fe-Columbus-Ohio-30d951ad0a0e0a6b17e90423083b7200.htm
JTJGARDZ6L5000551,JTJGARDZL5,https://www.prestigelexus.com/VehicleDetails/new-2020-Lexus-NX-300-Ramsey-NJ/3477050553
JTJGARDZ6L5000453,JTJGARDZL5,https://www.prestigelexus.com/VehicleDetails/new-2020-Lexus-NX-300-Ramsey-NJ/3474835933
JTJGARDZXL5000469,JTJGARDZL5,https://www.prestigelexus.com/VehicleDetails/new-2020-Lexus-NX-300-Ramsey-NJ/3474835983
1GC4YUEY8LF116810,1GC4YUEYLF,https://www.racewaychevy.com/inventory/new-2020-chevrolet-silverado-3500hd-ltz-4wd-crew-cab-pickup-1gc4yuey8lf116810
1GNSKGEC9LR124029,1GNSKGECLR,https://www.racewaychevy.com/inventory/new-2020-chevrolet-suburban-ls-4wd-sport-utility-1gnskgec9lr124029
JM1GL1TY3K1507484,JM1GL1TYK1,https://www.berkshirehathawayautomotive.com/new/Mazda/2019-Mazda-Mazda6-1fa2caa10a0e0ae83c9883f34a3d4b37.htm
1GCGSBEN6L1102412,1GCGSBENL1,https://www.reliable-chevrolet.com/VehicleDetails/new-2020-Chevrolet-Colorado-Crew_Cab_Short_Box_2_Wheel_Drive_WT-Albuquerque-NM/3474986023
1GCGSBEN3L1102755,1GCGSBENL1,https://www.reliable-chevrolet.com/VehicleDetails/new-2020-Chevrolet-Colorado-Crew_Cab_Short_Box_2_Wheel_Drive_WT-Albuquerque-NM/3474986073
1GCGSBENXL1101067,1GCGSBENL1,https://www.reliable-chevrolet.com/VehicleDetails/new-2020-Chevrolet-Colorado-Crew_Cab_Short_Box_2_Wheel_Drive_WT-Albuquerque-NM/3476583543
1G1FB1RS5L0101000,1G1FB1RSL0,https://www.reliable-chevrolet.com/VehicleDetails/new-2020-Chevrolet-Camaro-2dr_Coupe_1LT-Albuquerque-NM/3475806033
SALWR2SE2LA878542,SALWR2SELA,https://www.southwestlandrover.com/new/Land+Rover/2020-Land+Rover-Range+Rover+Sport-houston+tx-25442be80a0e0ae83c9883f3e0b52357.htm
SALWR2SE1LA876913,SALWR2SELA,https://www.southwestlandrover.com/new/Land+Rover/2020-Land+Rover-Range+Rover+Sport-houston+tx-25442bc40a0e0ae83c9883f36043419a.htm
SALWR2SE4LA878736,SALWR2SELA,https://www.southwestlandrover.com/new/Land+Rover/2020-Land+Rover-Range+Rover+Sport-houston+tx-25442afc0a0e0ae83c9883f392d4f1f5.htm
SALWR2SE5LA876896,SALWR2SELA,https://www.southwestlandrover.com/new/Land+Rover/2020-Land+Rover-Range+Rover+Sport-houston+tx-25442b2b0a0e0ae83c9883f31d492a85.htm
1GCGSBEN8L1103982,1GCGSBENL1,https://www.stonebriarchevytexas.com/VehicleDetails/new-2020-Chevrolet-Colorado-Crew_Cab_Short_Box_2_Wheel_Drive_WT-Frisco-TX/3475001193
1GCGSCEA8L1102947,1GCGSCEAL1,https://www.stonebriarchevytexas.com/VehicleDetails/new-2020-Chevrolet-Colorado-Crew_Cab_Short_Box_2_Wheel_Drive_LT-Frisco-TX/3475001213
1GCGSBEN9L1103621,1GCGSBENL1,https://www.stonebriarchevytexas.com/VehicleDetails/new-2020-Chevrolet-Colorado-Crew_Cab_Short_Box_2_Wheel_Drive_WT-Frisco-TX/3475001343
1GCGSCEA3L1103987,1GCGSCEAL1,https://www.stonebriarchevytexas.com/VehicleDetails/new-2020-Chevrolet-Colorado-Crew_Cab_Short_Box_2_Wheel_Drive_LT-Frisco-TX/3475001363
1GCGSCEAXL1103906,1GCGSCEAL1,https://www.stonebriarchevytexas.com/VehicleDetails/new-2020-Chevrolet-Colorado-Crew_Cab_Short_Box_2_Wheel_Drive_LT-Frisco-TX/3475001433
1GCGSCEA0L1103316,1GCGSCEAL1,https://www.stonebriarchevytexas.com/VehicleDetails/new-2020-Chevrolet-Colorado-Crew_Cab_Short_Box_2_Wheel_Drive_LT-Frisco-TX/3475001453
JTJGARDZ5L5000346,JTJGARDZL5,https://www.tricountylexus.com/VehicleDetails/new-2020-Lexus-NX-300-Little_Falls-NJ/3475383593
